release_id,release_name,start_date,end_date
REL_X+2,Release X+2,2024-01-01,2024-09-17 09:36:00
REL_X+3,Release X+3,2024-03-11,2024-11-26 09:36:00
REL_X+4,Release X+4,2024-05-20,2025-02-04 09:36:00
REL_X+5,Release X+5,2024-07-29,2025-04-15 09:36:00
REL_X+6,Release X+6,2024-10-07,2025-06-24 09:36:00
REL_X+7,Release X+7,2024-12-16,2025-09-02 09:36:00
REL_X+8,Release X+8,2025-02-24,2025-11-11 09:36:00
REL_X+9,Release X+9,2025-05-05,2026-01-20 09:36:00
REL_X+10,Release X+10,2025-07-14,2026-03-31 09:36:00
